{"Title": "10 Best Operating Systems for Laptops and Computers [2020 LIST]", "Image": "https://zobraa.000webhostapp.com/images/post_images/post5f95ae55c4909.png"}
{"Title": "Top 5 Backend Frameworks to learn in 2020", "Image": "https://zobraa.000webhostapp.com/images/post_images/post5f95b4bfef1b7.png"}
{"Title": "10 Best Programming Language to Learn in 2020", "Image": "https://zobraa.000webhostapp.com/images/post_images/post5f95b79f9162b.jpg"}
{"Title": "How to Learn Python (Step-by-Step) in 2021", "Image": "https://zobraa.000webhostapp.com/images/post_images/post60737a62a913c.jpg"}
